Leto,Dirka,Zmagovalec,Mostvo_zmagovalca,Drugi,Mostvo_drugega,Tretji,Mostvo_tretjega
1949,Tourist Trophy,Harold Daniell,Norton,Johnny Lockett,Norton,Ernie Lyons,Velocette
1949,Switzerland,Leslie Graham,AJS,Arciso Artesiani,Gilera,Harold Daniell,Norton
1949,Netherlands,Nello Pagani,Gilera,Leslie Graham,AJS,Arciso Artesiani,Gilera
1949,Belgium,William Doran,AJS,Arciso Artesiani,Gilera,Enrico Lorenzetti,Moto Guzzi
1949,Ulster,Leslie Graham,AJS,Artie Bell,Norton,Nello Pagani,Gilera
1949,Nations,Nello Pagani,Gilera,Arciso Artesiani,Gilera,William Doran,AJS
1950,Tourist Trophy,Geoff Duke,Norton,Artie Bell,Norton,Johnny Lockett,Norton
1950,Belgium,Umberto Masetti,Gilera,Nello Pagani,Gilera,Edward Frend,AJS
1950,Netherlands,Umberto Masetti,Gilera,Nello Pagani,Gilera,Harry Hinton Sr.,Norton
1950,Switzerland,Leslie Graham,AJS,Umberto Masetti,Gilera,Carlo Bandirola,Gilera
1950,Ulster,Geoff Duke,Norton,Leslie Graham,AJS,Johnny Lockett,Norton
1950,Nations,Geoff Duke,Norton,Umberto Masetti,Gilera,Arciso Artesiani,MV Agusta
1951,Spain,Umberto Masetti,Gilera,Thomas Wood,Norton,Arciso Artesiani,MV Agusta
1951,Switzerland,Fergus Anderson,Moto Guzzi,Reg Armstrong,AJS,Enrico Lorenzetti,Moto Guzzi
1951,Tourist Trophy,Geoff Duke,Norton,William Doran,AJS,Cromie McCandless,Norton
1951,Belgium,Geoff Duke,Norton,Alfredo Milani,Gilera,Sante Geminiani,Moto Guzzi
1951,Netherlands,Geoff Duke,Norton,Alfredo Milani,Gilera,Enrico Lorenzetti,Moto Guzzi
1951,France,Alfredo Milani,Gilera,William Doran,AJS,Nello Pagani,Gilera
1951,Ulster,Geoff Duke,Norton,Ken Kavanagh,Norton,Umberto Masetti,Gilera
1951,Nations,Alfredo Milani,Gilera,Umberto Masetti,Gilera,Nello Pagani,Gilera
1952,Switzerland,Jack Brett,AJS,William Doran,AJS,Carlo Bandirola,MV Agusta
1952,Tourist Trophy,Reg Armstrong,Norton,Leslie Graham,MV Agusta,Ray Amm,Norton
1952,Netherlands,Umberto Masetti,Gilera,Geoff Duke,Norton,Ken Kavanagh,Norton
1952,Belgium,Umberto Masetti,Gilera,Geoff Duke,Norton,Ray Amm,Norton
1952,Germany,Reg Armstrong,Norton,Ken Kavanagh,Norton,Sidney Lawton,Norton
1952,Ulster,Cromie McCandless,Gilera,Rod Coleman,AJS,Bill Lomas,MV Agusta
1952,Nations,Leslie Graham,MV Agusta,Umberto Masetti,Gilera,Nello Pagani,Gilera
1952,Spain,Leslie Graham,MV Agusta,Umberto Masetti,Gilera,Ken Kavanagh,Norton
1953,Tourist Trophy,Ray Amm,Norton,Jack Brett,Norton,Reg Armstrong,Gilera
1953,Netherlands,Geoff Duke,Gilera,Reg Armstrong,Gilera,Ken Kavanagh,Norton
1953,Belgium,Alfredo Milani,Gilera,Ray Amm,Norton,Reg Armstrong,Gilera
1953,France,Geoff Duke,Gilera,Reg Armstrong,Gilera,Alfredo Milani,Gilera
1953,Ulster,Ken Kavanagh,Norton,Geoff Duke,Gilera,Jack Brett,Norton
1953,Switzerland,Geoff Duke,Gilera,Alfredo Milani,Gilera,Reg Armstrong,Gilera
1953,Nations,Geoff Duke,Gilera,Dickie Dale,Gilera,Libero Liberati,Gilera
1953,Spain,Fergus Anderson,Moto Guzzi,Carlo Bandirola,MV Agusta,Dickie Dale,Gilera
1954,France,Pierre Monneret,Gilera,Alfredo Milani,Gilera,Jacques Collot,Norton
1954,Tourist Trophy,Ray Amm,Norton,Geoff Duke,Gilera,Jack Brett,Norton
1954,Belgium,Geoff Duke,Gilera,Ken Kavanagh,Moto Guzzi,Leon Martin,Gilera
1954,Netherlands,Geoff Duke,Gilera,Fergus Anderson,Moto Guzzi,Carlo Bandirola,MV Agusta
1954,Germany,Geoff Duke,Gilera,Ray Amm,Norton,Reg Armstrong,Gilera
1954,Switzerland,Geoff Duke,Gilera,Ray Amm,Norton,Reg Armstrong,Gilera
1954,Nations,Geoff Duke,Gilera,Umberto Masetti,Gilera,Carlo Bandirola,MV Agusta
1954,Spain,Dickie Dale,MV Agusta,Ken Kavanagh,Moto Guzzi,Nello Pagani,MV Agusta
1955,Spain,Reg Armstrong,Gilera,Carlo Bandirola,MV Agusta,Umberto Masetti,MV Agusta
1955,France,Geoff Duke,Gilera,Libero Liberati,Gilera,Reg Armstrong,Gilera
1955,Tourist Trophy,Geoff Duke,Gilera,Reg Armstrong,Gilera,Ken Kavanagh,Moto Guzzi
1955,Germany,Geoff Duke,Gilera,Walter Zeller,BMW,Carlo Bandirola,MV Agusta
1955,Belgium,Giuseppe Colnago,Gilera,Pierre Monneret,Gilera,Leon Martin,Gilera
1955,Netherlands,Geoff Duke,Gilera,Reg Armstrong,Gilera,Umberto Masetti,MV Agusta
1955,Ulster,Bill Lomas,Moto Guzzi,John Hartle,Norton,Dickie Dale,Moto Guzzi
1955,Nations,Umberto Masetti,MV Agusta,Reg Armstrong,Gilera,Geoff Duke,Gilera
1956,Tourist Trophy,John Surtees,MV Agusta,John Hartle,Norton,Jack Brett,Norton
1956,Netherlands,John Surtees,MV Agusta,Walter Zeller,BMW,Edwin-Martin Grant,Norton
1956,Belgium,John Surtees,MV Agusta,Walter Zeller,BMW,Pierre Monneret,Gilera
1956,Germany,Reg Armstrong,Gilera,Umberto Masetti,MV Agusta,Pierre Monneret,Gilera
1956,Ulster,John Hartle,Norton,Robert Brown,Matchless,Peter Murphy,Matchless
1956,Nations,Geoff Duke,Gilera,Libero Liberati,Gilera,Pierre Monneret,Gilera
1957,Germany,Libero Liberati,Gilera,Bob McIntyre,Gilera,Walter Zeller,BMW
1957,Tourist Trophy,Bob McIntyre,Gilera,John Surtees,MV Agusta,Robert Brown,Gilera
1957,Netherlands,John Surtees,MV Agusta,Libero Liberati,Gilera,Walter Zeller,BMW
1957,Belgium,Libero Liberati,Gilera,Jack Brett,Norton,Keith Bryen,Norton
1957,Ulster,Libero Liberati,Gilera,Bob McIntyre,Gilera,Geoff Duke,Gilera
1957,Nations,Libero Liberati,Gilera,Geoff Duke,Gilera,Alfredo Milani,Gilera
1958,Tourist Trophy,John Surtees,MV Agusta,Bob Anderson,Norton,Robert Brown,Norton
1958,Netherlands,John Surtees,MV Agusta,John Hartle,MV Agusta,Derek Minter,Norton
1958,Belgium,John Surtees,MV Agusta,Keith Campbell,Norton,John Hartle,MV Agusta
1958,Germany,John Surtees,MV Agusta,John Hartle,MV Agusta,Gary Hocking,Norton
1958,Sweden,Geoff Duke,Norton,Dickie Dale,BMW,Terry Shepherd,Norton
1958,Ulster,John Surtees,MV Agusta,Bob McIntyre,Norton,John Hartle,MV Agusta
1958,Nations,John Surtees,MV Agusta,Remo Venturi,MV Agusta,Umberto Masetti,MV Agusta
1959,France,John Surtees,MV Agusta,Remo Venturi,MV Agusta,Gary Hocking,Norton
1959,Tourist Trophy,John Surtees,MV Agusta,Alistair King,Norton,Robert Brown,Norton
1959,Germany,John Surtees,MV Agusta,Remo Venturi,MV Agusta,Robert Brown,Norton
1959,Netherlands,John Surtees,MV Agusta,Robert Brown,Norton,Remo Venturi,MV Agusta
1959,Belgium,John Surtees,MV Agusta,Gary Hocking,Norton,Geoff Duke,Norton
1959,Ulster,John Surtees,MV Agusta,Bob McIntyre,Norton,Geoff Duke,Norton
1959,Nations,John Surtees,MV Agusta,Remo Venturi,MV Agusta,Geoff Duke,Norton
1960,France,John Surtees,MV Agusta,Remo Venturi,MV Agusta,Robert Brown,Norton
1960,Tourist Trophy,John Surtees,MV Agusta,John Hartle,MV Agusta,Mike Hailwood,Norton
1960,Netherlands,Remo Venturi,MV Agusta,Robert Brown,Norton,Emilio Mendogni,MV Agusta
1960,Belgium,John Surtees,MV Agusta,Remo Venturi,MV Agusta,Robert Brown,Norton
1960,Germany,John Surtees,MV Agusta,Remo Venturi,MV Agusta,Emilio Mendogni,MV Agusta
1960,Ulster,John Hartle,Norton,John Surtees,MV Agusta,Alan Shepherd,Matchless
1960,Nations,John Surtees,MV Agusta,Emilio Mendogni,MV Agusta,Mike Hailwood,Norton
1961,Germany,Gary Hocking,MV Agusta,Frank Perris,Norton,Hans-Gunther Jager,BMW
1961,France,Gary Hocking,MV Agusta,Mike Hailwood,Norton,Antoine Paba,Norton
1961,Tourist Trophy,Mike Hailwood,Norton,Bob McIntyre,Norton,Tom Phillis,Norton
1961,Netherlands,Gary Hocking,MV Agusta,Mike Hailwood,Norton,Bob McIntyre,Norton
1961,Belgium,Gary Hocking,MV Agusta,Mike Hailwood,Norton,Bob McIntyre,Norton
1961,East Germany,Gary Hocking,MV Agusta,Mike Hailwood,Norton,Bert Schneider,Norton
1961,Ulster,Gary Hocking,MV Agusta,Mike Hailwood,Norton,Alistair King,Norton
1961,Nations,Mike Hailwood,MV Agusta,Alistair King,Norton,Paddy Driver,Norton
1961,Sweden,Gary Hocking,MV Agusta,Mike Hailwood,MV Agusta,Frank Perris,Norton
1961,Argentina,Jorge Kissling,Matchless,Juan Salatino,Norton,Frank Perris,Norton
1962,Tourist Trophy,Gary Hocking,MV Agusta,Ellis Boyce,Norton,Fred Stevens,Norton
1962,Netherlands,Mike Hailwood,MV Agusta,Derek Minter,Norton,Phil Read,Norton
1962,Belgium,Mike Hailwood,MV Agusta,Alan Shepherd,Matchless,Tony Godfrey,Norton
1962,Ulster,Mike Hailwood,MV Agusta,Alan Shepherd,Matchless,Phil Read,Norton
1962,East Germany,Mike Hailwood,MV Agusta,Alan Shepherd,Matchless,Bert Schneider,Norton
1962,Nations,Mike Hailwood,MV Agusta,Remo Venturi,MV Agusta,Silvio Grassetti,Bianchi
1962,Finland,Alan Shepherd,Matchless,Sven-Olov Gunnarsson,Norton,Frantisek Stastny,Jawa
1962,Argentina,Benedicto Caldarella,Matchless,Juan Salatino,Norton,Eduardo Salatino,Norton
1963,Tourist Trophy,Mike Hailwood,MV Agusta,John Hartle,Gilera,Phil Read,Gilera
1963,Netherlands,John Hartle,Gilera,Phil Read,Gilera,Alan Shepherd,Matchless
1963,Belgium,Mike Hailwood,MV Agusta,Phil Read,Gilera,Alan Shepherd,Matchless
1963,Ulster,Mike Hailwood,MV Agusta,John Hartle,Gilera,Derek Minter,Gilera
1963,East Germany,Mike Hailwood,MV Agusta,Derek Minter,Gilera,Alan Shepherd,Matchless
1963,Finland,Mike Hailwood,MV Agusta,Alan Shepherd,Matchless,Mike Duff,Matchless
1963,Nations,Mike Hailwood,MV Agusta,Jack Findlay,Matchless,Fred Stevens,Norton
1963,Argentina,Mike Hailwood,MV Agusta,Jorge Kissling,Norton,Benedicto Caldarella,Matchless
1964,USA,Mike Hailwood,MV Agusta,Phil Read,Matchless,John Hartle,Norton
1964,Tourist Trophy,Mike Hailwood,MV Agusta,Derek Minter,Norton,Fred Stevens,Matchless
1964,Netherlands,Mike Hailwood,MV Agusta,Remo Venturi,Bianchi,Paddy Driver,Matchless
1964,Belgium,Mike Hailwood,MV Agusta,Phil Read,Matchless,Paddy Driver,Matchless
1964,Germany,Mike Hailwood,MV Agusta,Jack Ahearn,Norton,Phil Read,Matchless
1964,East Germany,Mike Hailwood,MV Agusta,Mike Duff,Matchless,Paddy Driver,Matchless
1964,Ulster,Phil Read,Norton,Richard Creith,Norton,Jack Ahearn,Norton
1964,Finland,Jack Ahearn,Norton,Mike Duff,Matchless,Gyula Marsovszky,Matchless
1964,Nations,Mike Hailwood,MV Agusta,Benedicto Caldarella,Gilera,Jack Ahearn,Norton
1965,USA,Mike Hailwood,MV Agusta,Buddy Parriott,Norton,Roger Beaumont,Norton
1965,Germany,Mike Hailwood,MV Agusta,Giacomo Agostini,MV Agusta,Walter Scheimann,Norton
1965,Tourist Trophy,Mike Hailwood,MV Agusta,Joe Dunphy,Norton,Mike Duff,Matchless
1965,Netherlands,Mike Hailwood,MV Agusta,Giacomo Agostini,MV Agusta,Paddy Driver,Matchless
1965,Belgium,Mike Hailwood,MV Agusta,Giacomo Agostini,MV Agusta,Derek Minter,Norton
1965,East Germany,Mike Hailwood,MV Agusta,Giacomo Agostini,MV Agusta,Paddy Driver,Matchless
1965,Czechoslovakia,Mike Hailwood,MV Agusta,Giacomo Agostini,MV Agusta,Jack Ahearn,Norton
1965,Ulster,Richard Creith,Norton,Paddy Driver,Matchless,Chris Conn,Norton
1965,Finland,Giacomo Agostini,MV Agusta,Paddy Driver,Matchless,Fred Stevens,Matchless
1965,Nations,Mike Hailwood,MV Agusta,Giacomo Agostini,MV Agusta,Frantisek Stastny,Jawa
1966,Germany,Jim Redman,Honda,Giacomo Agostini,MV Agusta,Gyula Marsovszky,Matchless
1966,Netherlands,Jim Redman,Honda,Giacomo Agostini,MV Agusta,Frantisek Stastny,Jawa-CZ
1966,Belgium,Giacomo Agostini,MV Agusta,Stuart Graham,Matchless,Jack Ahearn,Norton
1966,East Germany,Frantisek Stastny,Jawa-CZ,Jack Findlay,Matchless,Jack Ahearn,Norton
1966,Czechoslovakia,Mike Hailwood,Honda,Giacomo Agostini,MV Agusta,Gyula Marsovszky,Matchless
1966,Finland,Giacomo Agostini,MV Agusta,Mike Hailwood,Honda,Jack Findlay,Matchless
1966,Ulster,Mike Hailwood,Honda,Giacomo Agostini,MV Agusta,Frantisek Stastny,Jawa-CZ
1966,Tourist Trophy,Mike Hailwood,Honda,Giacomo Agostini,MV Agusta,Chris Conn,Norton
1966,Nations,Giacomo Agostini,MV Agusta,Peter Williams,Matchless,Jack Findlay,Matchless
1967,Germany,Giacomo Agostini,MV Agusta,Peter Williams,Matchless,Jack Findlay,Matchless
1967,Tourist Trophy,Mike Hailwood,Honda,Peter Williams,Matchless,Steve Spencer,Norton
1967,Netherlands,Mike Hailwood,Honda,Giacomo Agostini,MV Agusta,Peter Williams,Matchless
1967,Belgium,Giacomo Agostini,MV Agusta,Mike Hailwood,Honda,Fred Stevens,Paton
1967,East Germany,Giacomo Agostini,MV Agusta,John Hartle,Matchless,Jack Findlay,Matchless
1967,Czechoslovakia,Mike Hailwood,Honda,Giacomo Agostini,MV Agusta,John Cooper,Norton
1967,Finland,Giacomo Agostini,MV Agusta,John Hartle,Norton,Billie Nelson,Norton
1967,Ulster,Mike Hailwood,Honda,John Hartle,Matchless,Jack Findlay,Matchless
1967,Nations,Giacomo Agostini,MV Agusta,Mike Hailwood,Honda,Angelo Bergamonti,Paton
1967,Canada,Mike Hailwood,Honda,Giacomo Agostini,MV Agusta,Mike Duff,Matchless
1968,Germany,Giacomo Agostini,MV Agusta,Dan Shorey,Norton,Peter Williams,Matchless
1968,Spain,Giacomo Agostini,MV Agusta,Jack Findlay,Norton,John Dodds,Norton
1968,Tourist Trophy,Giacomo Agostini,MV Agusta,Brian Ball,Seeley,Barry Randle,Norton
1968,Netherlands,Giacomo Agostini,MV Agusta,Jack Findlay,Matchless,John Cooper,Seeley
1968,Belgium,Giacomo Agostini,MV Agusta,Jack Findlay,Matchless,Derek Woodman,Seeley
1968,East Germany,Giacomo Agostini,MV Agusta,Alberto Pagani,Linto,Jack Findlay,Matchless
1968,Czechoslovakia,Giacomo Agostini,MV Agusta,Jack Findlay,Matchless,Gyula Marsovszky,Matchless
1968,Finland,Giacomo Agostini,MV Agusta,Jack Findlay,Matchless,Derek Woodman,Seeley
1968,Ulster,Giacomo Agostini,MV Agusta,Robin Fitton,Norton,John Hartle,Cowles/Metisse
1968,Nations,Giacomo Agostini,MV Agusta,Renzo Pasolini,Benelli,Angelo Bergamonti,Paton
1969,Spain,Giacomo Agostini,MV Agusta,Angelo Bergamonti,Paton,Ginger Molloy,Bultaco
1969,Germany,Giacomo Agostini,MV Agusta,Karl Hoppe,Urs/Metisse,Jack Findlay,Linto
1969,France,Giacomo Agostini,MV Agusta,Billie Nelson,Paton,Karl Auer,Matchless
1969,Tourist Trophy,Giacomo Agostini,MV Agusta,Alan Barnett,Kirby/Metisse,Tom Dickie,Kuhn/Seeley
1969,Netherlands,Giacomo Agostini,MV Agusta,Peter Williams,Matchless,Alan Barnett,Kirby/Metisse
1969,Belgium,Giacomo Agostini,MV Agusta,Percy Tait,Triumph,Alan Barnett,Kirby/Metisse
1969,East Germany,Giacomo Agostini,MV Agusta,Billie Nelson,Paton,Steve Ellis,Linto
1969,Czechoslovakia,Giacomo Agostini,MV Agusta,Gyula Marsovszky,Linto,Bohumil Stasa,CZ
1969,Finland,Giacomo Agostini,MV Agusta,Billie Nelson,Paton,Godfrey Nash,Norton
1969,Ulster,Giacomo Agostini,MV Agusta,Brian Steenson,Seeley/Matchless,Malcolm Uphill,Norton
1969,Nations,Alberto Pagani,Linto,Gilberto Milani,Aermacchi,John Dodds,Linto
1969,Yugoslavia,Godfrey Nash,Norton,Franco Trabalzini,Norton,Steve Ellis,Linto
1970,Germany,Giacomo Agostini,MV Agusta,Alan Barnett,Seeley,Tommy Robb,Seeley
1970,France,Giacomo Agostini,MV Agusta,Ginger Molloy,Kawasaki,Alberto Pagani,Linto
1970,Yugoslavia,Giacomo Agostini,MV Agusta,Angelo Bergamonti,Aermacchi,Roberto Gallina,Paton
1970,Tourist Trophy,Giacomo Agostini,MV Agusta,Peter Williams,Matchless,Bill Smith,Kawasaki
1970,Netherlands,Giacomo Agostini,MV Agusta,Angelo Bergamonti,Aermacchi,Alberto Pagani,Linto
1970,Belgium,Giacomo Agostini,MV Agusta,Christian Ravel,Kawasaki,Tommy Robb,Seeley
1970,East Germany,Giacomo Agostini,MV Agusta,John Dodds,Linto,Martin Carney,Kawasaki
1970,Finland,Giacomo Agostini,MV Agusta,Ginger Molloy,Kawasaki,Alberto Pagani,Linto
1970,Ulster,Giacomo Agostini,MV Agusta,Ginger Molloy,Kawasaki,Percy Tait,Seeley
1970,Nations,Giacomo Agostini,MV Agusta,Angelo Bergamonti,MV Agusta,Silvano Bertarelli,Kawasaki
1970,Spain,Angelo Bergamonti,MV Agusta,Ginger Molloy,Kawasaki,Giuseppe Mandolini,Moto Guzzi
1971,Austria,Giacomo Agostini,MV Agusta,Keith Turner,Suzuki,Eric Offenstadt,Kawasaki
1971,Germany,Giacomo Agostini,MV Agusta,Rob Bron,Suzuki,Ron Chandler,Kawasaki
1971,Tourist Trophy,Giacomo Agostini,MV Agusta,Peter Williams,Arter Matchless,Frank Perris,Suzuki
1971,Netherlands,Giacomo Agostini,MV Agusta,Rob Bron,Suzuki,Dave Simmonds,Kawasaki
1971,Belgium,Giacomo Agostini,MV Agusta,Eric Offenstadt,Kawasaki,Jack Findlay,Suzuki
1971,East Germany,Giacomo Agostini,MV Agusta,Keith Turner,Suzuki,Ernst Hiller,Kawasaki
1971,Sweden,Giacomo Agostini,MV Agusta,Keith Turner,Suzuki,Tommy Robb,Seeley
1971,Finland,Giacomo Agostini,MV Agusta,Dave Simmonds,Kawasaki,Rob Bron,Suzuki
1971,Ulster,Jack Findlay,Suzuki,Rob Bron,Suzuki,Tommy Robb,Hurst/Seeley
1971,Nations,Alberto Pagani,MV Agusta,Giampiero Zubani,Kawasaki,Dave Simmonds,Kawasaki
1971,Spain,Dave Simmonds,Kawasaki,Kaarlo Koivuniemi,Seeley,Eric Offenstadt,Kawasaki
1972,Germany,Giacomo Agostini,MV Agusta,Alberto Pagani,MV Agusta,Kim Newcombe,Konig
1972,France,Giacomo Agostini,MV Agusta,Christian Bourgeois,Yamaha,Rob Bron,Suzuki
1972,Austria,Giacomo Agostini,MV Agusta,Guido Mandracci,Suzuki,Bo Granath,Husqvarna
1972,Nations,Giacomo Agostini,MV Agusta,Alberto Pagani,MV Agusta,Bruno Spaggiari,Ducati
1972,Tourist Trophy,Giacomo Agostini,MV Agusta,Alberto Pagani,MV Agusta,Mick Grant,Padgett/Kawasaki
1972,Yugoslavia,Alberto Pagani,MV Agusta,Chas Mortimer,Yamaha,Paul Eickelberg,Konig
1972,Netherlands,Giacomo Agostini,MV Agusta,Alberto Pagani,MV Agusta,Bruno Kneubuhler,Yamaha
1972,Belgium,Giacomo Agostini,MV Agusta,Alberto Pagani,MV Agusta,Rodney Gould,Yamaha
1972,East Germany,Giacomo Agostini,MV Agusta,Rodney Gould,Yamaha,Kim Newcombe,Konig
1972,Czechoslovakia,Giacomo Agostini,MV Agusta,Jack Findlay,Jada,Bruno Kneubuhler,Yamaha
1972,Sweden,Giacomo Agostini,MV Agusta,Rodney Gould,Yamaha,Bo Granath,Husqvarna
1972,Finland,Giacomo Agostini,MV Agusta,Alberto Pagani,MV Agusta,Rodney Gould,Yamaha
1972,Spain,Chas Mortimer,Yamaha,Dave Simmonds,Kawasaki,Jack Findlay,Jada
1973,France,Jarno Saarinen,Yamaha,Phil Read,MV Agusta,Hideo Kanaya,Yamaha
1973,Austria,Jarno Saarinen,Yamaha,Hideo Kanaya,Yamaha,Kim Newcombe,Konig
1973,Germany,Phil Read,MV Agusta,Werner Giger,Yamaha,Ernst Hiller,Konig
1973,Tourist Trophy,Jack Findlay,Suzuki,Peter Williams,Arter Matchless,Charlie Sanby,Hi-Tac/Suzuki
1973,Yugoslavia,Kim Newcombe,Konig,Steve Ellis,Yamaha,Gianfranco Bonera,Harley Davidson
1973,Netherlands,Phil Read,MV Agusta,Kim Newcombe,Konig,Christian Bourgeois,Yamaha
1973,Belgium,Giacomo Agostini,MV Agusta,Phil Read,MV Agusta,Jack Findlay,Suzuki
1973,Czechoslovakia,Giacomo Agostini,MV Agusta,Phil Read,MV Agusta,Bruno Kneubuhler,Yamaha
1973,Sweden,Phil Read,MV Agusta,Giacomo Agostini,MV Agusta,Kim Newcombe,Konig
1973,Finland,Giacomo Agostini,MV Agusta,Phil Read,MV Agusta,Bruno Kneubuhler,Yamaha
1973,Spain,Phil Read,MV Agusta,Bruno Kneubuhler,Yamaha,Werner Giger,Yamaha
1974,France,Phil Read,MV Agusta,Barry Sheene,Suzuki,Gianfranco Bonera,MV Agusta
1974,Germany,Edmund Czihak,Yamaha,Helmut Kassner,Yamaha,Walter Kaletsch,Yamaha
1974,Austria,Giacomo Agostini,Yamaha,Gianfranco Bonera,MV Agusta,Barry Sheene,Suzuki
1974,Nations,Gianfranco Bonera,MV Agusta,Teuvo Lansivuori,Yamaha,Phil Read,MV Agusta
1974,Tourist Trophy,Phil Carpenter,Yamaha,Charlie Williams,Dugdale Maxton/Yamaha,Tony Rutter,Yamaha
1974,Netherlands,Giacomo Agostini,Yamaha,Teuvo Lansivuori,Yamaha,Phil Read,MV Agusta
1974,Belgium,Phil Read,MV Agusta,Giacomo Agostini,Yamaha,Dieter Braun,Yamaha
1974,Sweden,Teuvo Lansivuori,Yamaha,Phil Read,MV Agusta,Pentti Korhonen,Yamaha
1974,Finland,Phil Read,MV Agusta,Gianfranco Bonera,MV Agusta,Teuvo Lansivuori,Yamaha
1974,Czechoslovakia,Phil Read,MV Agusta,Gianfranco Bonera,MV Agusta,Teuvo Lansivuori,Yamaha
1975,France,Giacomo Agostini,Yamaha,Hideo Kanaya,Yamaha,Phil Read,MV Agusta
1975,Austria,Hideo Kanaya,Yamaha,Teuvo Lansivuori,Suzuki,Phil Read,MV Agusta
1975,Germany,Giacomo Agostini,Yamaha,Phil Read,MV Agusta,Teuvo Lansivuori,Suzuki
1975,Nations,Giacomo Agostini,Yamaha,Phil Read,MV Agusta,Hideo Kanaya,Yamaha
1975,Tourist Trophy,Mick Grant,Kawasaki,John Williams,Yamaha,Chas Mortimer,Danfay Yamaha
1975,Netherlands,Barry Sheene,Suzuki,Giacomo Agostini,Yamaha,Phil Read,MV Agusta
1975,Belgium,Phil Read,MV Agusta,John Newbold,Suzuki,Jack Findlay,Yamaha
1975,Sweden,Barry Sheene,Suzuki,Phil Read,MV Agusta,John Williams,Yamaha
1975,Finland,Giacomo Agostini,Yamaha,Teuvo Lansivuori,Suzuki,Jack Findlay,Yamaha
1975,Czechoslovakia,Phil Read,MV Agusta,Giacomo Agostini,Yamaha,Alex George,Yamaha
1976,France,Barry Sheene,Suzuki,Johnny Cecotto,Yamaha,Marco Lucchinelli,Suzuki
1976,Austria,Barry Sheene,Suzuki,Marco Lucchinelli,Suzuki,Phil Read,Suzuki
1976,Nations,Barry Sheene,Suzuki,Phil Read,Suzuki,Virginio Ferrari,Suzuki
1976,Tourist Trophy,Tom Herron,Yamaha,Ian Richards,Yamaha,Billie Guthrie,Yamaha
1976,Netherlands,Barry Sheene,Suzuki,Pat Hennen,Suzuki,Wil Hartog,Suzuki
1976,Belgium,John Williams,Suzuki,Barry Sheene,Suzuki,Marcel Ankone,Suzuki
1976,Sweden,Barry Sheene,Suzuki,Jack Findlay,Suzuki,Chas Mortimer,Suzuki
1976,Finland,Pat Hennen,Suzuki,Teuvo Lansivuori,Suzuki,Philippe Coulon,Suzuki
1976,Czechoslovakia,John Newbold,Suzuki,Teuvo Lansivuori,Suzuki,Philippe Coulon,Suzuki
1976,Germany,Giacomo Agostini,MV Agusta,Marco Lucchinelli,Suzuki,Pat Hennen,Suzuki
1977,Venezuela,Barry Sheene,Suzuki,Steve Baker,Yamaha,Pat Hennen,Suzuki
1977,Austria,Jack Findlay,Suzuki,Max Wiener,Suzuki,Alex George,Suzuki
1977,Germany,Barry Sheene,Suzuki,Pat Hennen,Suzuki,Steve Baker,Yamaha
1977,Nations,Barry Sheene,Suzuki,Virginio Ferrari,Suzuki,Armando Toracca,Suzuki
1977,France,Barry Sheene,Suzuki,Giacomo Agostini,Yamaha,Steve Baker,Yamaha
1977,Netherlands,Wil Hartog,Suzuki,Barry Sheene,Suzuki,Pat Hennen,Suzuki
1977,Belgium,Barry Sheene,Suzuki,Steve Baker,Yamaha,Pat Hennen,Suzuki
1977,Sweden,Barry Sheene,Suzuki,Johnny Cecotto,Yamaha,Steve Baker,Yamaha
1977,Finland,Johnny Cecotto,Yamaha,Marco Lucchinelli,Suzuki,Gianfranco Bonera,Suzuki
1977,Czechoslovakia,Johnny Cecotto,Yamaha,Giacomo Agostini,Yamaha,Michel Rougerie,Suzuki
1977,Great Britain,Pat Hennen,Suzuki,Steve Baker,Yamaha,Teuvo Lansivuori,Suzuki
1978,Venezuela,Barry Sheene,Suzuki,Pat Hennen,Suzuki,Steve Baker,Suzuki
1978,Spain,Pat Hennen,Suzuki,Kenny Roberts,Yamaha,Takazumi Katayama,Yamaha
1978,Austria,Kenny Roberts,Yamaha,Johnny Cecotto,Yamaha,Barry Sheene,Suzuki
1978,France,Kenny Roberts,Yamaha,Pat Hennen,Suzuki,Barry Sheene,Suzuki
1978,Nations,Kenny Roberts,Yamaha,Pat Hennen,Suzuki,Marco Lucchinelli,Suzuki
1978,Netherlands,Johnny Cecotto,Yamaha,Kenny Roberts,Yamaha,Barry Sheene,Suzuki
1978,Belgium,Wil Hartog,Suzuki,Kenny Roberts,Yamaha,Barry Sheene,Suzuki
1978,Sweden,Barry Sheene,Suzuki,Wil Hartog,Suzuki,Takazumi Katayama,Yamaha
1978,Finland,Wil Hartog,Suzuki,Takazumi Katayama,Yamaha,Johnny Cecotto,Yamaha
1978,Great Britain,Kenny Roberts,Yamaha,Steve Manship,Suzuki,Barry Sheene,Suzuki
1978,Germany,Virginio Ferrari,Suzuki,Johnny Cecotto,Yamaha,Kenny Roberts,Yamaha
1979,Venezuela,Barry Sheene,Suzuki,Virginio Ferrari,Suzuki,Tom Herron,Suzuki
1979,Austria,Kenny Roberts,Yamaha,Virginio Ferrari,Suzuki,Wil Hartog,Suzuki
1979,Germany,Wil Hartog,Suzuki,Kenny Roberts,Yamaha,Virginio Ferrari,Suzuki
1979,Nations,Kenny Roberts,Yamaha,Virginio Ferrari,Suzuki,Tom Herron,Suzuki
1979,Spain,Kenny Roberts,Yamaha,Wil Hartog,Suzuki,Mike Baldwin,Suzuki
1979,Yugoslavia,Kenny Roberts,Yamaha,Virginio Ferrari,Suzuki,Franco Uncini,Suzuki
1979,Netherlands,Virginio Ferrari,Suzuki,Barry Sheene,Suzuki,Wil Hartog,Suzuki
1979,Belgium,Dennis Ireland,Suzuki,Kenny Blake,Yamaha,Gary Lingham,Suzuki
1979,Sweden,Barry Sheene,Suzuki,Jack Middelburg,Suzuki,Boet van Dulmen,Suzuki
1979,Finland,Boet van Dulmen,Suzuki,Randy Mamola,Suzuki,Barry Sheene,Suzuki
1979,Great Britain,Kenny Roberts,Yamaha,Barry Sheene,Suzuki,Wil Hartog,Suzuki
1979,France,Barry Sheene,Suzuki,Randy Mamola,Suzuki,Kenny Roberts,Yamaha
1980,Nations,Kenny Roberts,Yamaha,Franco Uncini,Suzuki,Graziano Rossi,Suzuki
1980,Spain,Kenny Roberts,Yamaha,Marco Lucchinelli,Suzuki,Randy Mamola,Suzuki
1980,France,Kenny Roberts,Yamaha,Randy Mamola,Suzuki,Marco Lucchinelli,Suzuki
1980,Netherlands,Jack Middelburg,Yamaha,Graziano Rossi,Suzuki,Franco Uncini,Suzuki
1980,Belgium,Randy Mamola,Suzuki,Marco Lucchinelli,Suzuki,Kenny Roberts,Yamaha
1980,Finland,Wil Hartog,Suzuki,Kenny Roberts,Yamaha,Franco Uncini,Suzuki
1980,Great Britain,Randy Mamola,Suzuki,Kenny Roberts,Yamaha,Marco Lucchinelli,Suzuki
1980,Germany,Marco Lucchinelli,Suzuki,Graeme Crosby,Suzuki,Wil Hartog,Suzuki
1981,Austria,Randy Mamola,Suzuki,Graeme Crosby,Suzuki,Hiroyuki Kawasaki,Suzuki
1981,Germany,Kenny Roberts,Yamaha,Randy Mamola,Suzuki,Marco Lucchinelli,Suzuki
1981,Nations,Kenny Roberts,Yamaha,Graeme Crosby,Suzuki,Barry Sheene,Yamaha
1981,France,Marco Lucchinelli,Suzuki,Randy Mamola,Suzuki,Graeme Crosby,Suzuki
1981,Yugoslavia,Randy Mamola,Suzuki,Marco Lucchinelli,Suzuki,Kenny Roberts,Yamaha
1981,Netherlands,Marco Lucchinelli,Suzuki,Boet van Dulmen,Yamaha,Kork Ballington,Kawasaki
1981,Belgium,Marco Lucchinelli,Suzuki,Kenny Roberts,Yamaha,Randy Mamola,Suzuki
1981,San Marino,Marco Lucchinelli,Suzuki,Barry Sheene,Yamaha,Graeme Crosby,Suzuki
1981,Great Britain,Jack Middelburg,Suzuki,Kenny Roberts,Yamaha,Randy Mamola,Suzuki
1981,Finland,Marco Lucchinelli,Suzuki,Randy Mamola,Suzuki,Kork Ballington,Kawasaki
1981,Sweden,Barry Sheene,Yamaha,Boet van Dulmen,Yamaha,Jack Middelburg,Suzuki
1982,Argentina,Kenny Roberts,Yamaha,Barry Sheene,Yamaha,Freddie Spencer,Honda
1982,Austria,Franco Uncini,Suzuki,Barry Sheene,Yamaha,Kenny Roberts,Yamaha
1982,France,Michel Frutschi,Sanvenero,Franck Gross,Suzuki,Steve Parrish,Yamaha
1982,Spain,Kenny Roberts,Yamaha,Barry Sheene,Yamaha,Franco Uncini,Suzuki
1982,Nations,Franco Uncini,Suzuki,Freddie Spencer,Honda,Graeme Crosby,Yamaha
1982,Netherlands,Franco Uncini,Suzuki,Kenny Roberts,Yamaha,Barry Sheene,Yamaha
1982,Belgium,Freddie Spencer,Honda,Barry Sheene,Yamaha,Franco Uncini,Suzuki
1982,Yugoslavia,Franco Uncini,Suzuki,Graeme Crosby,Yamaha,Barry Sheene,Yamaha
1982,Great Britain,Franco Uncini,Suzuki,Freddie Spencer,Honda,Graeme Crosby,Yamaha
1982,Sweden,Takazumi Katayama,Honda,Randy Mamola,Suzuki,Graeme Crosby,Yamaha
1982,San Marino,Freddie Spencer,Honda,Randy Mamola,Suzuki,Graeme Crosby,Yamaha
1982,Germany,Randy Mamola,Suzuki,Virginio Ferrari,Suzuki,Loris Reggiani,Suzuki
1983,South Africa,Freddie Spencer,Honda,Kenny Roberts,Yamaha,Ron Haslam,Honda
1983,France,Freddie Spencer,Honda,Marco Lucchinelli,Honda,Ron Haslam,Honda
1983,Nations,Freddie Spencer,Honda,Randy Mamola,Suzuki,Eddie Lawson,Yamaha
1983,Germany,Kenny Roberts,Yamaha,Takazumi Katayama,Honda,Marco Lucchinelli,Honda
1983,Spain,Freddie Spencer,Honda,Kenny Roberts,Yamaha,Takazumi Katayama,Honda
1983,Austria,Kenny Roberts,Yamaha,Eddie Lawson,Yamaha,Randy Mamola,Suzuki
1983,Yugoslavia,Freddie Spencer,Honda,Randy Mamola,Suzuki,Eddie Lawson,Yamaha
1983,Netherlands,Kenny Roberts,Yamaha,Takazumi Katayama,Honda,Freddie Spencer,Honda
1983,Belgium,Kenny Roberts,Yamaha,Freddie Spencer,Honda,Randy Mamola,Suzuki
1983,Great Britain,Kenny Roberts,Yamaha,Freddie Spencer,Honda,Randy Mamola,Suzuki
1983,Sweden,Freddie Spencer,Honda,Kenny Roberts,Yamaha,Takazumi Katayama,Honda
1983,San Marino,Kenny Roberts,Yamaha,Freddie Spencer,Honda,Eddie Lawson,Yamaha
1984,South Africa,Eddie Lawson,Yamaha,Raymond Roche,Honda,Barry Sheene,Suzuki
1984,Nations,Freddie Spencer,Honda,Eddie Lawson,Yamaha,Raymond Roche,Honda
1984,Spain,Eddie Lawson,Yamaha,Randy Mamola,Honda,Raymond Roche,Honda
1984,Austria,Eddie Lawson,Yamaha,Freddie Spencer,Honda,Randy Mamola,Honda
1984,Germany,Freddie Spencer,Honda,Eddie Lawson,Yamaha,Randy Mamola,Honda
1984,France,Freddie Spencer,Honda,Eddie Lawson,Yamaha,Randy Mamola,Honda
1984,Yugoslavia,Freddie Spencer,Honda,Randy Mamola,Honda,Raymond Roche,Honda
1984,Netherlands,Randy Mamola,Honda,Raymond Roche,Honda,Eddie Lawson,Yamaha
1984,Belgium,Freddie Spencer,Honda,Randy Mamola,Honda,Raymond Roche,Honda
1984,Great Britain,Randy Mamola,Honda,Eddie Lawson,Yamaha,Ron Haslam,Honda
1984,Sweden,Eddie Lawson,Yamaha,Raymond Roche,Honda,Wayne Gardner,Honda
1984,San Marino,Randy Mamola,Honda,Raymond Roche,Honda,Ron Haslam,Honda
1985,South Africa,Eddie Lawson,Yamaha,Freddie Spencer,Honda,Wayne Gardner,Honda
1985,Spain,Freddie Spencer,Honda,Eddie Lawson,Yamaha,Christian Sarron,Yamaha
1985,Germany,Christian Sarron,Yamaha,Freddie Spencer,Honda,Ron Haslam,Honda
1985,Nations,Freddie Spencer,Honda,Eddie Lawson,Yamaha,Wayne Gardner,Honda
1985,Austria,Freddie Spencer,Honda,Eddie Lawson,Yamaha,Christian Sarron,Yamaha
1985,Yugoslavia,Eddie Lawson,Yamaha,Freddie Spencer,Honda,Wayne Gardner,Honda
1985,Netherlands,Randy Mamola,Honda,Ron Haslam,Honda,Wayne Gardner,Honda
1985,Belgium,Freddie Spencer,Honda,Eddie Lawson,Yamaha,Christian Sarron,Yamaha
1985,France,Freddie Spencer,Honda,Raymond Roche,Yamaha,Randy Mamola,Honda
1985,Great Britain,Freddie Spencer,Honda,Eddie Lawson,Yamaha,Christian Sarron,Yamaha
1985,Sweden,Freddie Spencer,Honda,Eddie Lawson,Yamaha,Ron Haslam,Honda
1985,San Marino,Eddie Lawson,Yamaha,Wayne Gardner,Honda,Randy Mamola,Honda
1986,Spain,Wayne Gardner,Honda,Eddie Lawson,Yamaha,Mike Baldwin,Yamaha
1986,Nations,Eddie Lawson,Yamaha,Randy Mamola,Yamaha,Mike Baldwin,Yamaha
1986,Germany,Eddie Lawson,Yamaha,Wayne Gardner,Honda,Mike Baldwin,Yamaha
1986,Austria,Eddie Lawson,Yamaha,Wayne Gardner,Honda,Randy Mamola,Yamaha
1986,Yugoslavia,Eddie Lawson,Yamaha,Randy Mamola,Yamaha,Wayne Gardner,Honda
1986,Netherlands,Wayne Gardner,Honda,Randy Mamola,Yamaha,Mike Baldwin,Yamaha
1986,Belgium,Randy Mamola,Yamaha,Eddie Lawson,Yamaha,Christian Sarron,Yamaha
1986,France,Eddie Lawson,Yamaha,Randy Mamola,Yamaha,Christian Sarron,Yamaha
1986,Great Britain,Wayne Gardner,Honda,Didier De Radigues,Honda,Eddie Lawson,Yamaha
1986,Sweden,Eddie Lawson,Yamaha,Wayne Gardner,Honda,Mike Baldwin,Yamaha
1986,San Marino,Eddie Lawson,Yamaha,Wayne Gardner,Honda,Randy Mamola,Yamaha
1987,Japan,Randy Mamola,Yamaha,Wayne Gardner,Honda,Takumi Ito,Suzuki
1987,Spain,Wayne Gardner,Honda,Eddie Lawson,Yamaha,Ron Haslam,Elf/Honda
1987,Germany,Eddie Lawson,Yamaha,Randy Mamola,Yamaha,Ron Haslam,Elf/Honda
1987,Nations,Wayne Gardner,Honda,Eddie Lawson,Yamaha,Christian Sarron,Yamaha
1987,Austria,Wayne Gardner,Honda,Randy Mamola,Yamaha,Niall Mackenzie,Honda
1987,Yugoslavia,Wayne Gardner,Honda,Randy Mamola,Yamaha,Eddie Lawson,Yamaha
1987,Netherlands,Eddie Lawson,Yamaha,Wayne Gardner,Honda,Randy Mamola,Yamaha
1987,France,Randy Mamola,Yamaha,Pierfrancesco Chili,Honda,Christian Sarron,Yamaha
1987,Great Britain,Eddie Lawson,Yamaha,Wayne Gardner,Honda,Randy Mamola,Yamaha
1987,Sweden,Wayne Gardner,Honda,Eddie Lawson,Yamaha,Randy Mamola,Yamaha
1987,Czechoslovakia,Wayne Gardner,Honda,Eddie Lawson,Yamaha,Tadahiko Taira,Yamaha
1987,San Marino,Randy Mamola,Yamaha,Eddie Lawson,Yamaha,Wayne Gardner,Honda
1987,Portugal,Eddie Lawson,Yamaha,Randy Mamola,Yamaha,Kevin Magee,Yamaha
1987,Brazil,Wayne Gardner,Honda,Eddie Lawson,Yamaha,Randy Mamola,Yamaha
1987,Argentina,Eddie Lawson,Yamaha,Randy Mamola,Yamaha,Wayne Gardner,Honda
1988,Japan,Kevin Schwantz,Suzuki,Wayne Gardner,Honda,Eddie Lawson,Yamaha
1988,USA,Eddie Lawson,Yamaha,Wayne Gardner,Honda,Niall Mackenzie,Honda
1988,Spain,Kevin Magee,Yamaha,Eddie Lawson,Yamaha,Wayne Gardner,Honda
1988,Portugal,Eddie Lawson,Yamaha,Wayne Rainey,Yamaha,Kevin Magee,Yamaha
1988,Nations,Eddie Lawson,Yamaha,Wayne Gardner,Honda,Wayne Rainey,Yamaha
1988,Germany,Kevin Schwantz,Suzuki,Wayne Rainey,Yamaha,Christian Sarron,Yamaha
1988,Austria,Eddie Lawson,Yamaha,Didier De Radigues,Yamaha,Wayne Rainey,Yamaha
1988,Netherlands,Wayne Gardner,Honda,Eddie Lawson,Yamaha,Christian Sarron,Yamaha
1988,Belgium,Wayne Gardner,Honda,Eddie Lawson,Yamaha,Randy Mamola,Cagiva
1988,Yugoslavia,Wayne Gardner,Honda,Christian Sarron,Yamaha,Wayne Rainey,Yamaha
1988,France,Eddie Lawson,Yamaha,Christian Sarron,Yamaha,Kevin Schwantz,Suzuki
1988,Great Britain,Wayne Rainey,Yamaha,Wayne Gardner,Honda,Christian Sarron,Yamaha
1988,Sweden,Eddie Lawson,Yamaha,Wayne Gardner,Honda,Christian Sarron,Yamaha
1988,Czechoslovakia,Wayne Gardner,Honda,Eddie Lawson,Yamaha,Wayne Rainey,Yamaha
1988,Brazil,Eddie Lawson,Yamaha,Wayne Gardner,Honda,Kevin Schwantz,Suzuki
1989,Japan,Kevin Schwantz,Suzuki,Wayne Rainey,Yamaha,Eddie Lawson,Honda
1989,Australia,Wayne Gardner,Honda,Wayne Rainey,Yamaha,Christian Sarron,Yamaha
1989,USA,Wayne Rainey,Yamaha,Kevin Schwantz,Suzuki,Eddie Lawson,Honda
1989,Spain,Eddie Lawson,Honda,Wayne Rainey,Yamaha,Niall Mackenzie,Yamaha
1989,Nations,Pierfrancesco Chili,Honda,Simon Buckmaster,Honda,Michael Rudroff,Honda
1989,Germany,Wayne Rainey,Yamaha,Eddie Lawson,Honda,Mick Doohan,Honda
1989,Austria,Kevin Schwantz,Suzuki,Eddie Lawson,Honda,Wayne Rainey,Yamaha
1989,Yugoslavia,Kevin Schwantz,Suzuki,Wayne Rainey,Yamaha,Eddie Lawson,Honda
1989,Netherlands,Wayne Rainey,Yamaha,Eddie Lawson,Honda,Christian Sarron,Yamaha
1989,Belgium,Eddie Lawson,Honda,Kevin Schwantz,Suzuki,Wayne Rainey,Yamaha
1989,France,Eddie Lawson,Honda,Kevin Schwantz,Suzuki,Wayne Rainey,Yamaha
1989,Great Britain,Kevin Schwantz,Suzuki,Eddie Lawson,Honda,Wayne Rainey,Yamaha
1989,Sweden,Eddie Lawson,Honda,Christian Sarron,Yamaha,Wayne Gardner,Honda
1989,Czechoslovakia,Kevin Schwantz,Suzuki,Eddie Lawson,Honda,Wayne Rainey,Yamaha
1989,Brazil,Kevin Schwantz,Suzuki,Eddie Lawson,Honda,Wayne Rainey,Yamaha
1990,Japan,Wayne Rainey,Yamaha,Wayne Gardner,Honda,Kevin Schwantz,Suzuki
1990,USA,Wayne Rainey,Yamaha,Mick Doohan,Honda,Pierfrancesco Chili,Honda
1990,Spain,Wayne Gardner,Honda,Wayne Rainey,Yamaha,Kevin Schwantz,Suzuki
1990,Nations,Wayne Rainey,Yamaha,Kevin Schwantz,Suzuki,Mick Doohan,Honda
1990,Germany,Kevin Schwantz,Suzuki,Wayne Rainey,Yamaha,Niall Mackenzie,Suzuki
1990,Austria,Kevin Schwantz,Suzuki,Wayne Rainey,Yamaha,Mick Doohan,Honda
1990,Yugoslavia,Wayne Rainey,Yamaha,Kevin Schwantz,Suzuki,Niall Mackenzie,Suzuki
1990,Netherlands,Kevin Schwantz,Suzuki,Wayne Rainey,Yamaha,Eddie Lawson,Yamaha
1990,Belgium,Wayne Rainey,Yamaha,Jean Philippe Ruggia,Yamaha,Eddie Lawson,Yamaha
1990,France,Kevin Schwantz,Suzuki,Wayne Gardner,Honda,Wayne Rainey,Yamaha
1990,Great Britain,Kevin Schwantz,Suzuki,Wayne Rainey,Yamaha,Eddie Lawson,Yamaha
1990,Sweden,Wayne Rainey,Yamaha,Eddie Lawson,Yamaha,Wayne Gardner,Honda
1990,Czechoslovakia,Wayne Rainey,Yamaha,Wayne Gardner,Honda,Eddie Lawson,Yamaha
1990,Hungary,Mick Doohan,Honda,Eddie Lawson,Yamaha,Kevin Schwantz,Suzuki
1990,Australia,Wayne Gardner,Honda,Mick Doohan,Honda,Wayne Rainey,Yamaha
1991,Japan,Kevin Schwantz,Suzuki,Mick Doohan,Honda,Wayne Rainey,Yamaha
1991,Australia,Wayne Rainey,Yamaha,Mick Doohan,Honda,John Kocinski,Yamaha
1991,USA,Wayne Rainey,Yamaha,Mick Doohan,Honda,Kevin Schwantz,Suzuki
1991,Spain,Mick Doohan,Honda,John Kocinski,Yamaha,Wayne Rainey,Yamaha
1991,Italy,Mick Doohan,Honda,John Kocinski,Yamaha,Eddie Lawson,Cagiva
1991,Germany,Kevin Schwantz,Suzuki,Wayne Rainey,Yamaha,Mick Doohan,Honda
1991,Austria,Mick Doohan,Honda,Wayne Rainey,Yamaha,Kevin Schwantz,Suzuki
1991,Europe,Wayne Rainey,Yamaha,Mick Doohan,Honda,Wayne Gardner,Honda
1991,Netherlands,Kevin Schwantz,Suzuki,Wayne Rainey,Yamaha,Wayne Gardner,Honda
1991,France,Wayne Rainey,Yamaha,Mick Doohan,Honda,Eddie Lawson,Cagiva
1991,Great Britain,Kevin Schwantz,Suzuki,Wayne Rainey,Yamaha,Mick Doohan,Honda
1991,San Marino,Wayne Rainey,Yamaha,Kevin Schwantz,Suzuki,Mick Doohan,Honda
1991,Czechoslovakia,Wayne Rainey,Yamaha,Mick Doohan,Honda,John Kocinski,Yamaha
1991,Le Mans,Kevin Schwantz,Suzuki,Mick Doohan,Honda,Wayne Rainey,Yamaha
1991,Malaysia,John Kocinski,Yamaha,Wayne Gardner,Honda,Mick Doohan,Honda
1992,Japan,Mick Doohan,Honda,Doug Chandler,Suzuki,Kevin Schwantz,Suzuki
1992,Australia,Mick Doohan,Honda,Wayne Rainey,Yamaha,Daryl Beattie,Honda
1992,Malaysia,Mick Doohan,Honda,Wayne Rainey,Yamaha,Alex Criville,Honda
1992,Spain,Mick Doohan,Honda,Wayne Rainey,Yamaha,Niall Mackenzie,Yamaha
1992,Italy,Kevin Schwantz,Suzuki,Mick Doohan,Honda,John Kocinski,Yamaha
1992,Europe,Wayne Rainey,Yamaha,Mick Doohan,Honda,Doug Chandler,Suzuki
1992,Germany,Mick Doohan,Honda,Kevin Schwantz,Suzuki,Wayne Gardner,Honda
1992,Netherlands,Alex Criville,Honda,John Kocinski,Yamaha,Alex Barros,Cagiva
1992,Hungary,Eddie Lawson,Cagiva,Doug Chandler,Suzuki,Randy Mamola,Yamaha
1992,France,Wayne Rainey,Yamaha,Wayne Gardner,Honda,John Kocinski,Yamaha
1992,Great Britain,Wayne Gardner,Honda,Wayne Rainey,Yamaha,Juan Garriga,Yamaha
1992,Brazil,Wayne Rainey,Yamaha,John Kocinski,Yamaha,Doug Chandler,Suzuki
1992,South Africa,John Kocinski,Yamaha,Wayne Gardner,Honda,Wayne Rainey,Yamaha
1993,Australia,Kevin Schwantz,Suzuki,Wayne Rainey,Yamaha,Doug Chandler,Cagiva
1993,Malaysia,Wayne Rainey,Yamaha,Daryl Beattie,Honda,Kevin Schwantz,Suzuki
1993,Japan,Wayne Rainey,Yamaha,Kevin Schwantz,Suzuki,Daryl Beattie,Honda
1993,Spain,Kevin Schwantz,Suzuki,Wayne Rainey,Yamaha,Alex Criville,Honda
1993,Austria,Kevin Schwantz,Suzuki,Mick Doohan,Honda,Wayne Rainey,Yamaha
1993,Germany,Daryl Beattie,Honda,Kevin Schwantz,Suzuki,Shinichi Itoh,Honda
1993,Netherlands,Kevin Schwantz,Suzuki,Mick Doohan,Honda,Alex Criville,Honda
1993,Europe,Wayne Rainey,Yamaha,Mick Doohan,Honda,Kevin Schwantz,Suzuki
1993,San Marino,Mick Doohan,Honda,Kevin Schwantz,Suzuki,Wayne Rainey,Yamaha
1993,Great Britain,Luca Cadalora,Yamaha,Wayne Rainey,Yamaha,Niall Mackenzie,ROC/Yamaha
1993,Czech Republic,Wayne Rainey,Yamaha,Luca Cadalora,Yamaha,Mick Doohan,Honda
1993,Italy,Luca Cadalora,Yamaha,Mick Doohan,Honda,Kevin Schwantz,Suzuki
1993,USA,John Kocinski,Cagiva,Alex Barros,Suzuki,Luca Cadalora,Yamaha
1993,FIM,Alex Barros,Suzuki,Daryl Beattie,Honda,Kevin Schwantz,Suzuki
1994,Australia,John Kocinski,Cagiva,Luca Cadalora,Yamaha,Mick Doohan,Honda
1994,Malaysia,Mick Doohan,Honda,John Kocinski,Cagiva,Shinichi Itoh,Honda
1994,Japan,Kevin Schwantz,Suzuki,Mick Doohan,Honda,Shinichi Itoh,Honda
1994,Spain,Mick Doohan,Honda,Kevin Schwantz,Suzuki,John Kocinski,Cagiva
1994,Austria,Mick Doohan,Honda,Kevin Schwantz,Suzuki,Alex Criville,Honda
1994,Germany,Mick Doohan,Honda,Kevin Schwantz,Suzuki,Alberto Puig,Honda
1994,Netherlands,Mick Doohan,Honda,Alex Barros,Suzuki,Alex Criville,Honda
1994,Italy,Mick Doohan,Honda,Luca Cadalora,Yamaha,Kevin Schwantz,Suzuki
1994,France,Mick Doohan,Honda,John Kocinski,Cagiva,Alex Criville,Honda
1994,Great Britain,Kevin Schwantz,Suzuki,Mick Doohan,Honda,Luca Cadalora,Yamaha
1994,Czech Republic,Mick Doohan,Honda,Shinichi Itoh,Honda,Luca Cadalora,Yamaha
1994,USA,Luca Cadalora,Yamaha,John Kocinski,Cagiva,Mick Doohan,Honda
1994,Argentina,Mick Doohan,Honda,Doug Chandler,Cagiva,John Kocinski,Cagiva
1994,Europe,Luca Cadalora,Yamaha,Mick Doohan,Honda,John Kocinski,Cagiva
1995,Australia,Mick Doohan,Honda,Daryl Beattie,Suzuki,Alex Criville,Honda
1995,Malaysia,Mick Doohan,Honda,Daryl Beattie,Suzuki,Alex Criville,Honda
1995,Japan,Daryl Beattie,Suzuki,Mick Doohan,Honda,Takuma Aoki,Honda
1995,Spain,Alberto Puig,Honda,Luca Cadalora,Yamaha,Alex Criville,Honda
1995,Germany,Daryl Beattie,Suzuki,Luca Cadalora,Yamaha,Shinichi Itoh,Honda
1995,Italy,Mick Doohan,Honda,Daryl Beattie,Suzuki,Alberto Puig,Honda
1995,Netherlands,Mick Doohan,Honda,Alex Criville,Honda,Alberto Puig,Honda
1995,France,Mick Doohan,Honda,Luca Cadalora,Yamaha,Daryl Beattie,Suzuki
1995,Great Britain,Mick Doohan,Honda,Daryl Beattie,Suzuki,Alex Criville,Honda
1995,Czech Republic,Luca Cadalora,Yamaha,Mick Doohan,Honda,Daryl Beattie,Suzuki
1995,Brazil,Luca Cadalora,Yamaha,Mick Doohan,Honda,Norick Abe,Yamaha
1995,Argentina,Mick Doohan,Honda,Daryl Beattie,Suzuki,Luca Cadalora,Yamaha
1995,Europe,Alex Criville,Honda,Shinichi Itoh,Honda,Loris Capirossi,Honda
1996,Malaysia,Luca Cadalora,Honda,Alex Barros,Honda,Carlos Checa,Honda
1996,Indonesia,Mick Doohan,Honda,Alex Barros,Honda,Loris Capirossi,Yamaha
1996,Japan,Norick Abe,Yamaha,Alex Criville,Honda,Scott Russell,Suzuki
1996,Spain,Mick Doohan,Honda,Luca Cadalora,Honda,Tadayuki Okada,Honda
1996,Italy,Mick Doohan,Honda,Alex Criville,Honda,Luca Cadalora,Honda
1996,France,Mick Doohan,Honda,Alex Criville,Honda,Alberto Puig,Honda
1996,Netherlands,Mick Doohan,Honda,Alex Criville,Honda,Alex Barros,Honda
1996,Germany,Luca Cadalora,Honda,Mick Doohan,Honda,Alex Criville,Honda
1996,Great Britain,Mick Doohan,Honda,Alex Criville,Honda,Norick Abe,Yamaha
1996,Austria,Alex Criville,Honda,Mick Doohan,Honda,Norick Abe,Yamaha
1996,Czech Republic,Alex Criville,Honda,Mick Doohan,Honda,Scott Russell,Suzuki
1996,Imola,Mick Doohan,Honda,Alex Criville,Honda,Tadayuki Okada,Honda
1996,Catalunya,Carlos Checa,Honda,Mick Doohan,Honda,Alex Criville,Honda
1996,Brazil,Mick Doohan,Honda,Alex Criville,Honda,Norick Abe,Yamaha
1996,Australia,Loris Capirossi,Yamaha,Tadayuki Okada,Honda,Carlos Checa,Honda
1997,Malaysia,Mick Doohan,Honda,Alex Criville,Honda,Nobuatsu Aoki,Honda
1997,Japan,Mick Doohan,Honda,Alex Criville,Honda,Tadayuki Okada,Honda
1997,Spain,Alex Criville,Honda,Mick Doohan,Honda,Tadayuki Okada,Honda
1997,Italy,Mick Doohan,Honda,Luca Cadalora,Yamaha,Nobuatsu Aoki,Honda
1997,Austria,Mick Doohan,Honda,Tadayuki Okada,Honda,Luca Cadalora,Yamaha
1997,France,Mick Doohan,Honda,Carlos Checa,Honda,Tadayuki Okada,Honda
1997,Netherlands,Mick Doohan,Honda,Carlos Checa,Honda,Doriano Romboni,Aprilia
1997,Imola,Mick Doohan,Honda,Nobuatsu Aoki,Honda,Takuma Aoki,Honda
1997,Germany,Mick Doohan,Honda,Tadayuki Okada,Honda,Takuma Aoki,Honda
1997,Brazil,Mick Doohan,Honda,Tadayuki Okada,Honda,Luca Cadalora,Yamaha
1997,Great Britain,Mick Doohan,Honda,Tadayuki Okada,Honda,Alex Barros,Honda
1997,Czech Republic,Mick Doohan,Honda,Luca Cadalora,Yamaha,Nobuatsu Aoki,Honda
1997,Catalunya,Mick Doohan,Honda,Carlos Checa,Honda,Alex Criville,Honda
1997,Indonesia,Tadayuki Okada,Honda,Mick Doohan,Honda,Alex Criville,Honda
1997,Australia,Alex Criville,Honda,Takuma Aoki,Honda,Norick Abe,Yamaha
1998,Japan,Max Biaggi,Honda,Tadayuki Okada,Honda,Noriyuki Haga,Yamaha
1998,Malaysia,Mick Doohan,Honda,Carlos Checa,Honda,Max Biaggi,Honda
1998,Spain,Alex Criville,Honda,Mick Doohan,Honda,Max Biaggi,Honda
1998,Italy,Mick Doohan,Honda,Max Biaggi,Honda,Alex Criville,Honda
1998,France,Alex Criville,Honda,Mick Doohan,Honda,Carlos Checa,Honda
1998,Madrid,Carlos Checa,Honda,Norick Abe,Yamaha,Sete Gibernau,Honda
1998,Netherlands,Mick Doohan,Honda,Max Biaggi,Honda,Simon Crafar,Yamaha
1998,Great Britain,Simon Crafar,Yamaha,Mick Doohan,Honda,Norick Abe,Yamaha
1998,Germany,Mick Doohan,Honda,Max Biaggi,Honda,Alex Criville,Honda
1998,Czech Republic,Max Biaggi,Honda,Alex Criville,Honda,Alex Barros,Honda
1998,Imola,Mick Doohan,Honda,Alex Criville,Honda,Max Biaggi,Honda
1998,Catalunya,Mick Doohan,Honda,Tadayuki Okada,Honda,Norick Abe,Yamaha
1998,Australia,Mick Doohan,Honda,Simon Crafar,Yamaha,Alex Criville,Honda
1998,Argentina,Mick Doohan,Honda,Tadayuki Okada,Honda,Alex Barros,Honda
1999,Malaysia,Kenny Roberts Jr.,Suzuki,Carlos Checa,Yamaha,Alex Criville,Honda
1999,Japan,Kenny Roberts Jr.,Suzuki,Mick Doohan,Honda,Norick Abe,Yamaha
1999,Spain,Alex Criville,Honda,Max Biaggi,Yamaha,Sete Gibernau,Honda
1999,France,Alex Criville,Honda,John Kocinski,Honda,Tetsuya Harada,Aprilia
1999,Italy,Alex Criville,Honda,Max Biaggi,Yamaha,Tadayuki Okada,Honda
1999,Catalunya,Alex Criville,Honda,Tadayuki Okada,Honda,Sete Gibernau,Honda
1999,Netherlands,Tadayuki Okada,Honda,Kenny Roberts Jr.,Suzuki,Sete Gibernau,Honda
1999,Great Britain,Alex Criville,Honda,Tadayuki Okada,Honda,Tetsuya Harada,Aprilia
1999,Germany,Kenny Roberts Jr.,Suzuki,Alex Criville,Honda,Norick Abe,Yamaha
1999,Czech Republic,Tadayuki Okada,Honda,Alex Criville,Honda,Kenny Roberts Jr.,Suzuki
1999,Imola,Alex Criville,Honda,Alex Barros,Honda,Max Biaggi,Yamaha
1999,Valencia,Regis Laconi,Yamaha,Kenny Roberts Jr.,Suzuki,Garry McCoy,Yamaha
1999,Australia,Tadayuki Okada,Honda,Max Biaggi,Yamaha,Regis Laconi,Yamaha
1999,South Africa,Max Biaggi,Yamaha,Sete Gibernau,Honda,Alex Criville,Honda
1999,Brazil,Norick Abe,Yamaha,Max Biaggi,Yamaha,Kenny Roberts Jr.,Suzuki
1999,Argentina,Kenny Roberts Jr.,Suzuki,Max Biaggi,Yamaha,Norick Abe,Yamaha
2000,South Africa,Garry McCoy,Yamaha,Carlos Checa,Yamaha,Loris Capirossi,Honda
2000,Malaysia,Kenny Roberts Jr.,Suzuki,Carlos Checa,Yamaha,Garry McCoy,Yamaha
2000,Japan,Norick Abe,Yamaha,Kenny Roberts Jr.,Suzuki,Tadayuki Okada,Honda
2000,Spain,Kenny Roberts Jr.,Suzuki,Carlos Checa,Yamaha,Valentino Rossi,Honda
2000,France,Alex Criville,Honda,Norick Abe,Yamaha,Valentino Rossi,Honda
2000,Italy,Loris Capirossi,Honda,Carlos Checa,Yamaha,Jeremy McWilliams,Aprilia
2000,Catalunya,Kenny Roberts Jr.,Suzuki,Norick Abe,Yamaha,Valentino Rossi,Honda
2000,Netherlands,Alex Barros,Honda,Alex Criville,Honda,Loris Capirossi,Honda
2000,Great Britain,Valentino Rossi,Honda,Kenny Roberts Jr.,Suzuki,Jeremy McWilliams,Aprilia
2000,Germany,Alex Barros,Honda,Valentino Rossi,Honda,Kenny Roberts Jr.,Suzuki
2000,Czech Republic,Max Biaggi,Yamaha,Valentino Rossi,Honda,Garry McCoy,Yamaha
2000,Portugal,Garry McCoy,Yamaha,Kenny Roberts Jr.,Suzuki,Valentino Rossi,Honda
2000,Valencia,Garry McCoy,Yamaha,Kenny Roberts Jr.,Suzuki,Max Biaggi,Yamaha
2000,Brazil,Valentino Rossi,Honda,Alex Barros,Honda,Garry McCoy,Yamaha
2000,Pacific,Kenny Roberts Jr.,Suzuki,Valentino Rossi,Honda,Max Biaggi,Yamaha
2000,Australia,Max Biaggi,Yamaha,Loris Capirossi,Honda,Valentino Rossi,Honda
2001,Japan,Valentino Rossi,Honda,Garry McCoy,Yamaha,Max Biaggi,Yamaha
2001,South Africa,Valentino Rossi,Honda,Loris Capirossi,Honda,Tohru Ukawa,Honda
2001,Spain,Valentino Rossi,Honda,Norick Abe,Yamaha,Alex Criville,Honda
2001,France,Max Biaggi,Yamaha,Carlos Checa,Yamaha,Valentino Rossi,Honda
2001,Italy,Alex Barros,Honda,Loris Capirossi,Honda,Max Biaggi,Yamaha
2001,Catalunya,Valentino Rossi,Honda,Max Biaggi,Yamaha,Loris Capirossi,Honda
2001,Netherlands,Max Biaggi,Yamaha,Valentino Rossi,Honda,Loris Capirossi,Honda
2001,Great Britain,Valentino Rossi,Honda,Max Biaggi,Yamaha,Alex Barros,Honda
2001,Germany,Max Biaggi,Yamaha,Carlos Checa,Yamaha,Shinya Nakano,Yamaha
2001,Czech Republic,Valentino Rossi,Honda,Alex Criville,Honda,Loris Capirossi,Honda
2001,Portugal,Valentino Rossi,Honda,Loris Capirossi,Honda,Garry McCoy,Yamaha
2001,Valencia,Sete Gibernau,Suzuki,Alex Barros,Honda,Kenny Roberts Jr.,Suzuki
2001,Pacific,Valentino Rossi,Honda,Alex Barros,Honda,Loris Capirossi,Honda
2001,Australia,Valentino Rossi,Honda,Max Biaggi,Yamaha,Loris Capirossi,Honda
2001,Malaysia,Valentino Rossi,Honda,Loris Capirossi,Honda,Garry McCoy,Yamaha
2001,Brazil,Valentino Rossi,Honda,Carlos Checa,Yamaha,Max Biaggi,Yamaha
2002,Japan,Valentino Rossi,Honda,Akira Ryo,Suzuki,Carlos Checa,Yamaha
2002,South Africa,Tohru Ukawa,Honda,Valentino Rossi,Honda,Loris Capirossi,Honda
2002,Spain,Valentino Rossi,Honda,Daijiro Katoh,Honda,Tohru Ukawa,Honda
2002,France,Valentino Rossi,Honda,Tohru Ukawa,Honda,Max Biaggi,Yamaha
2002,Italy,Valentino Rossi,Honda,Max Biaggi,Yamaha,Tohru Ukawa,Honda
2002,Catalunya,Valentino Rossi,Honda,Tohru Ukawa,Honda,Carlos Checa,Yamaha
2002,Netherlands,Valentino Rossi,Honda,Alex Barros,Honda,Carlos Checa,Yamaha
2002,Great Britain,Valentino Rossi,Honda,Max Biaggi,Yamaha,Alex Barros,Honda
2002,Germany,Valentino Rossi,Honda,Max Biaggi,Yamaha,Tohru Ukawa,Honda
2002,Czech Republic,Max Biaggi,Yamaha,Daijiro Katoh,Honda,Tohru Ukawa,Honda
2002,Portugal,Valentino Rossi,Honda,Carlos Checa,Yamaha,Tohru Ukawa,Honda
2002,Brazil,Valentino Rossi,Honda,Max Biaggi,Yamaha,Kenny Roberts Jr.,Suzuki
2002,Pacific,Alex Barros,Honda,Valentino Rossi,Honda,Loris Capirossi,Honda
2002,Malaysia,Max Biaggi,Yamaha,Valentino Rossi,Honda,Alex Barros,Honda
2002,Australia,Valentino Rossi,Honda,Alex Barros,Honda,Tohru Ukawa,Honda
2002,Valencia,Alex Barros,Honda,Valentino Rossi,Honda,Max Biaggi,Yamaha
2003,Japan,Valentino Rossi,Honda,Max Biaggi,Honda,Loris Capirossi,Ducati
2003,South Africa,Sete Gibernau,Honda,Valentino Rossi,Honda,Max Biaggi,Honda
2003,Spain,Valentino Rossi,Honda,Max Biaggi,Honda,Troy Bayliss,Ducati
2003,France,Sete Gibernau,Honda,Valentino Rossi,Honda,Alex Barros,Yamaha
2003,Italy,Valentino Rossi,Honda,Loris Capirossi,Ducati,Max Biaggi,Honda
2003,Catalunya,Loris Capirossi,Ducati,Valentino Rossi,Honda,Sete Gibernau,Honda
2003,Netherlands,Sete Gibernau,Honda,Max Biaggi,Honda,Valentino Rossi,Honda
2003,Great Britain,Max Biaggi,Honda,Sete Gibernau,Honda,Valentino Rossi,Honda
2003,Germany,Sete Gibernau,Honda,Valentino Rossi,Honda,Troy Bayliss,Ducati
2003,Czech Republic,Valentino Rossi,Honda,Sete Gibernau,Honda,Troy Bayliss,Ducati
2003,Portugal,Valentino Rossi,Honda,Max Biaggi,Honda,Loris Capirossi,Ducati
2003,Brazil,Valentino Rossi,Honda,Sete Gibernau,Honda,Makoto Tamada,Honda
2003,Pacific,Max Biaggi,Honda,Valentino Rossi,Honda,Nicky Hayden,Honda
2003,Malaysia,Valentino Rossi,Honda,Sete Gibernau,Honda,Max Biaggi,Honda
2003,Australia,Valentino Rossi,Honda,Loris Capirossi,Ducati,Nicky Hayden,Honda
2003,Valencia,Valentino Rossi,Honda,Sete Gibernau,Honda,Loris Capirossi,Ducati
2004,South Africa,Valentino Rossi,Yamaha,Max Biaggi,Honda,Sete Gibernau,Honda
2004,Spain,Sete Gibernau,Honda,Max Biaggi,Honda,Alex Barros,Honda
2004,France,Sete Gibernau,Honda,Carlos Checa,Yamaha,Max Biaggi,Honda
2004,Italy,Valentino Rossi,Yamaha,Sete Gibernau,Honda,Max Biaggi,Honda
2004,Catalunya,Valentino Rossi,Yamaha,Sete Gibernau,Honda,Marco Melandri,Yamaha
2004,Netherlands,Valentino Rossi,Yamaha,Sete Gibernau,Honda,Marco Melandri,Yamaha
2004,Brazil,Makoto Tamada,Honda,Max Biaggi,Honda,Nicky Hayden,Honda
2004,Germany,Max Biaggi,Honda,Alex Barros,Honda,Nicky Hayden,Honda
2004,Great Britain,Valentino Rossi,Yamaha,Colin Edwards,Honda,Sete Gibernau,Honda
2004,Czech Republic,Sete Gibernau,Honda,Valentino Rossi,Yamaha,Max Biaggi,Honda
2004,Portugal,Valentino Rossi,Yamaha,Makoto Tamada,Honda,Alex Barros,Honda
2004,Japan,Makoto Tamada,Honda,Valentino Rossi,Yamaha,Shinya Nakano,Kawasaki
2004,Qatar,Sete Gibernau,Honda,Colin Edwards,Honda,Ruben Xaus,Ducati
2004,Malaysia,Valentino Rossi,Yamaha,Max Biaggi,Honda,Alex Barros,Honda
2004,Australia,Valentino Rossi,Yamaha,Sete Gibernau,Honda,Loris Capirossi,Ducati
2004,Valencia,Valentino Rossi,Yamaha,Max Biaggi,Honda,Troy Bayliss,Ducati
2005,Spain,Valentino Rossi,Yamaha,Sete Gibernau,Honda,Marco Melandri,Honda
2005,Portugal,Alex Barros,Honda,Valentino Rossi,Yamaha,Max Biaggi,Honda
2005,China,Valentino Rossi,Yamaha,Olivier Jacque,Kawasaki,Marco Melandri,Honda
2005,France,Valentino Rossi,Yamaha,Sete Gibernau,Honda,Colin Edwards,Yamaha
2005,Italy,Valentino Rossi,Yamaha,Max Biaggi,Honda,Loris Capirossi,Ducati
2005,Catalunya,Valentino Rossi,Yamaha,Sete Gibernau,Honda,Marco Melandri,Honda
2005,Netherlands,Valentino Rossi,Yamaha,Marco Melandri,Honda,Colin Edwards,Yamaha
2005,USA,Nicky Hayden,Honda,Colin Edwards,Yamaha,Valentino Rossi,Yamaha
2005,Great Britain,Valentino Rossi,Yamaha,Kenny Roberts Jr.,Suzuki,Alex Barros,Honda
2005,Germany,Valentino Rossi,Yamaha,Sete Gibernau,Honda,Nicky Hayden,Honda
2005,Czech Republic,Valentino Rossi,Yamaha,Loris Capirossi,Ducati,Max Biaggi,Honda
2005,Japan,Loris Capirossi,Ducati,Max Biaggi,Honda,Makoto Tamada,Honda
2005,Malaysia,Loris Capirossi,Ducati,Valentino Rossi,Yamaha,Carlos Checa,Ducati
2005,Qatar,Valentino Rossi,Yamaha,Marco Melandri,Honda,Nicky Hayden,Honda
2005,Australia,Valentino Rossi,Yamaha,Nicky Hayden,Honda,Carlos Checa,Ducati
2005,Turkey,Marco Melandri,Honda,Valentino Rossi,Yamaha,Nicky Hayden,Honda
2005,Valencia,Marco Melandri,Honda,Nicky Hayden,Honda,Valentino Rossi,Yamaha
2006,Spain,Loris Capirossi,Ducati,Dani Pedrosa,Honda,Nicky Hayden,Honda
2006,Qatar,Valentino Rossi,Yamaha,Nicky Hayden,Honda,Loris Capirossi,Ducati
2006,Turkey,Marco Melandri,Honda,Casey Stoner,Honda,Nicky Hayden,Honda
2006,China,Dani Pedrosa,Honda,Nicky Hayden,Honda,Colin Edwards,Yamaha
2006,France,Marco Melandri,Honda,Loris Capirossi,Ducati,Dani Pedrosa,Honda
2006,Italy,Valentino Rossi,Yamaha,Loris Capirossi,Ducati,Nicky Hayden,Honda
2006,Catalunya,Valentino Rossi,Yamaha,Nicky Hayden,Honda,Kenny Roberts Jr.,KR/Honda
2006,Netherlands,Nicky Hayden,Honda,Shinya Nakano,Kawasaki,Dani Pedrosa,Honda
2006,Great Britain,Dani Pedrosa,Honda,Valentino Rossi,Yamaha,Marco Melandri,Honda
2006,Germany,Valentino Rossi,Yamaha,Marco Melandri,Honda,Nicky Hayden,Honda
2006,USA,Nicky Hayden,Honda,Dani Pedrosa,Honda,Marco Melandri,Honda
2006,Czech Republic,Loris Capirossi,Ducati,Valentino Rossi,Yamaha,Dani Pedrosa,Honda
2006,Malaysia,Valentino Rossi,Yamaha,Loris Capirossi,Ducati,Dani Pedrosa,Honda
2006,Australia,Marco Melandri,Honda,Chris Vermeulen,Suzuki,Valentino Rossi,Yamaha
2006,Japan,Loris Capirossi,Ducati,Valentino Rossi,Yamaha,Marco Melandri,Honda
2006,Portugal,Toni Elias,Honda,Valentino Rossi,Yamaha,Kenny Roberts Jr.,KR/Honda
2006,Valencia,Troy Bayliss,Ducati,Loris Capirossi,Ducati,Nicky Hayden,Honda
2007,Qatar,Casey Stoner,Ducati,Valentino Rossi,Yamaha,Dani Pedrosa,Honda
2007,Spain,Valentino Rossi,Yamaha,Dani Pedrosa,Honda,Colin Edwards,Yamaha
2007,Turkey,Casey Stoner,Ducati,Toni Elias,Honda,Loris Capirossi,Ducati
2007,China,Casey Stoner,Ducati,Valentino Rossi,Yamaha,John Hopkins,Suzuki
2007,France,Chris Vermeulen,Suzuki,Marco Melandri,Honda,Casey Stoner,Ducati
2007,Italy,Valentino Rossi,Yamaha,Dani Pedrosa,Honda,Alex Barros,Ducati
2007,Catalunya,Casey Stoner,Ducati,Valentino Rossi,Yamaha,Dani Pedrosa,Honda
2007,Great Britain,Casey Stoner,Ducati,Colin Edwards,Yamaha,Chris Vermeulen,Suzuki
2007,Netherlands,Valentino Rossi,Yamaha,Casey Stoner,Ducati,Nicky Hayden,Honda
2007,Germany,Dani Pedrosa,Honda,Loris Capirossi,Ducati,Nicky Hayden,Honda
2007,USA,Casey Stoner,Ducati,Chris Vermeulen,Suzuki,Marco Melandri,Honda
2007,Czech Republic,Casey Stoner,Ducati,John Hopkins,Suzuki,Nicky Hayden,Honda
2007,San Marino,Casey Stoner,Ducati,Chris Vermeulen,Suzuki,John Hopkins,Suzuki
2007,Portugal,Valentino Rossi,Yamaha,Dani Pedrosa,Honda,Casey Stoner,Ducati
2007,Japan,Loris Capirossi,Ducati,Randy de Puniet,Kawasaki,Toni Elias,Honda
2007,Australia,Casey Stoner,Ducati,Loris Capirossi,Ducati,Valentino Rossi,Yamaha
2007,Malaysia,Casey Stoner,Ducati,Marco Melandri,Honda,Dani Pedrosa,Honda
2007,Valencia,Dani Pedrosa,Honda,Casey Stoner,Ducati,John Hopkins,Suzuki
2008,Qatar,Casey Stoner,Ducati,Jorge Lorenzo,Yamaha,Dani Pedrosa,Honda
2008,Spain,Dani Pedrosa,Honda,Valentino Rossi,Yamaha,Jorge Lorenzo,Yamaha
2008,Portugal,Jorge Lorenzo,Yamaha,Dani Pedrosa,Honda,Valentino Rossi,Yamaha
2008,China,Valentino Rossi,Yamaha,Dani Pedrosa,Honda,Casey Stoner,Ducati
2008,France,Valentino Rossi,Yamaha,Jorge Lorenzo,Yamaha,Colin Edwards,Yamaha
2008,Italy,Valentino Rossi,Yamaha,Casey Stoner,Ducati,Dani Pedrosa,Honda
2008,Catalunya,Dani Pedrosa,Honda,Valentino Rossi,Yamaha,Casey Stoner,Ducati
2008,Great Britain,Casey Stoner,Ducati,Valentino Rossi,Yamaha,Dani Pedrosa,Honda
2008,Netherlands,Casey Stoner,Ducati,Dani Pedrosa,Honda,Colin Edwards,Yamaha
2008,Germany,Casey Stoner,Ducati,Valentino Rossi,Yamaha,Chris Vermeulen,Suzuki
2008,USA,Valentino Rossi,Yamaha,Casey Stoner,Ducati,Chris Vermeulen,Suzuki
2008,Czech Republic,Valentino Rossi,Yamaha,Toni Elias,Ducati,Loris Capirossi,Suzuki
2008,San Marino,Valentino Rossi,Yamaha,Jorge Lorenzo,Yamaha,Toni Elias,Ducati
2008,Indianapolis,Valentino Rossi,Yamaha,Nicky Hayden,Honda,Jorge Lorenzo,Yamaha
2008,Japan,Valentino Rossi,Yamaha,Casey Stoner,Ducati,Dani Pedrosa,Honda
2008,Australia,Casey Stoner,Ducati,Valentino Rossi,Yamaha,Nicky Hayden,Honda
2008,Malaysia,Valentino Rossi,Yamaha,Dani Pedrosa,Honda,Andrea Dovizioso,Honda
2008,Valencia,Casey Stoner,Ducati,Dani Pedrosa,Honda,Valentino Rossi,Yamaha
2009,Qatar,Casey Stoner,Ducati,Valentino Rossi,Yamaha,Jorge Lorenzo,Yamaha
2009,Japan,Jorge Lorenzo,Yamaha,Valentino Rossi,Yamaha,Dani Pedrosa,Honda
2009,Spain,Valentino Rossi,Yamaha,Dani Pedrosa,Honda,Casey Stoner,Ducati
2009,France,Jorge Lorenzo,Yamaha,Marco Melandri,Kawasaki,Dani Pedrosa,Honda
2009,Italy,Casey Stoner,Ducati,Jorge Lorenzo,Yamaha,Valentino Rossi,Yamaha
2009,Catalunya,Valentino Rossi,Yamaha,Jorge Lorenzo,Yamaha,Casey Stoner,Ducati
2009,Netherlands,Valentino Rossi,Yamaha,Jorge Lorenzo,Yamaha,Casey Stoner,Ducati
2009,USA,Dani Pedrosa,Honda,Valentino Rossi,Yamaha,Jorge Lorenzo,Yamaha
2009,Germany,Valentino Rossi,Yamaha,Jorge Lorenzo,Yamaha,Dani Pedrosa,Honda
2009,Great Britain,Andrea Dovizioso,Honda,Colin Edwards,Yamaha,Randy de Puniet,Honda
2009,Czech Republic,Valentino Rossi,Yamaha,Dani Pedrosa,Honda,Toni Elias,Honda
2009,Indianapolis,Jorge Lorenzo,Yamaha,Alex de Angelis,Honda,Nicky Hayden,Ducati
2009,San Marino,Valentino Rossi,Yamaha,Jorge Lorenzo,Yamaha,Dani Pedrosa,Honda
2009,Portugal,Jorge Lorenzo,Yamaha,Casey Stoner,Ducati,Dani Pedrosa,Honda
2009,Australia,Casey Stoner,Ducati,Valentino Rossi,Yamaha,Dani Pedrosa,Honda
2009,Malaysia,Casey Stoner,Ducati,Dani Pedrosa,Honda,Valentino Rossi,Yamaha
2009,Valencia,Dani Pedrosa,Honda,Valentino Rossi,Yamaha,Jorge Lorenzo,Yamaha
2010,Qatar,Valentino Rossi,Yamaha,Jorge Lorenzo,Yamaha,Andrea Dovizioso,Honda
2010,Spain,Jorge Lorenzo,Yamaha,Dani Pedrosa,Honda,Valentino Rossi,Yamaha
2010,France,Jorge Lorenzo,Yamaha,Valentino Rossi,Yamaha,Andrea Dovizioso,Honda
2010,Italy,Dani Pedrosa,Honda,Jorge Lorenzo,Yamaha,Andrea Dovizioso,Honda
2010,Great Britain,Jorge Lorenzo,Yamaha,Andrea Dovizioso,Honda,Ben Spies,Yamaha
2010,Netherlands,Jorge Lorenzo,Yamaha,Dani Pedrosa,Honda,Casey Stoner,Ducati
2010,Catalunya,Jorge Lorenzo,Yamaha,Dani Pedrosa,Honda,Casey Stoner,Ducati
2010,Germany,Dani Pedrosa,Honda,Jorge Lorenzo,Yamaha,Casey Stoner,Ducati
2010,USA,Jorge Lorenzo,Yamaha,Casey Stoner,Ducati,Valentino Rossi,Yamaha
2010,Czech Republic,Jorge Lorenzo,Yamaha,Dani Pedrosa,Honda,Casey Stoner,Ducati
2010,Indianapolis,Dani Pedrosa,Honda,Ben Spies,Yamaha,Jorge Lorenzo,Yamaha
2010,San Marino,Dani Pedrosa,Honda,Jorge Lorenzo,Yamaha,Valentino Rossi,Yamaha
2010,Aragon,Casey Stoner,Ducati,Dani Pedrosa,Honda,Nicky Hayden,Ducati
2010,Japan,Casey Stoner,Ducati,Andrea Dovizioso,Honda,Valentino Rossi,Yamaha
2010,Malaysia,Valentino Rossi,Yamaha,Andrea Dovizioso,Honda,Jorge Lorenzo,Yamaha
2010,Australia,Casey Stoner,Ducati,Jorge Lorenzo,Yamaha,Valentino Rossi,Yamaha
2010,Portugal,Jorge Lorenzo,Yamaha,Valentino Rossi,Yamaha,Andrea Dovizioso,Honda
2010,Valencia,Jorge Lorenzo,Yamaha,Casey Stoner,Ducati,Valentino Rossi,Yamaha
2011,Qatar,Casey Stoner,Honda,Jorge Lorenzo,Yamaha,Dani Pedrosa,Honda
2011,Spain,Jorge Lorenzo,Yamaha,Dani Pedrosa,Honda,Nicky Hayden,Ducati
2011,Portugal,Dani Pedrosa,Honda,Jorge Lorenzo,Yamaha,Casey Stoner,Honda
2011,France,Casey Stoner,Honda,Andrea Dovizioso,Honda,Valentino Rossi,Ducati
2011,Catalunya,Casey Stoner,Honda,Jorge Lorenzo,Yamaha,Ben Spies,Yamaha
2011,Great Britain,Casey Stoner,Honda,Andrea Dovizioso,Honda,Colin Edwards,Yamaha
2011,Netherlands,Ben Spies,Yamaha,Casey Stoner,Honda,Andrea Dovizioso,Honda
2011,Italy,Jorge Lorenzo,Yamaha,Andrea Dovizioso,Honda,Casey Stoner,Honda
2011,Germany,Dani Pedrosa,Honda,Jorge Lorenzo,Yamaha,Casey Stoner,Honda
2011,USA,Casey Stoner,Honda,Jorge Lorenzo,Yamaha,Dani Pedrosa,Honda
2011,Czech Republic,Casey Stoner,Honda,Andrea Dovizioso,Honda,Marco Simoncelli,Honda
2011,Indianapolis,Casey Stoner,Honda,Dani Pedrosa,Honda,Ben Spies,Yamaha
2011,San Marino,Jorge Lorenzo,Yamaha,Dani Pedrosa,Honda,Casey Stoner,Honda
2011,Aragon,Casey Stoner,Honda,Dani Pedrosa,Honda,Jorge Lorenzo,Yamaha
2011,Japan,Dani Pedrosa,Honda,Jorge Lorenzo,Yamaha,Casey Stoner,Honda
2011,Australia,Casey Stoner,Honda,Marco Simoncelli,Honda,Andrea Dovizioso,Honda
2011,Valencia,Casey Stoner,Honda,Ben Spies,Yamaha,Andrea Dovizioso,Honda
2012,Qatar,Jorge Lorenzo,Yamaha,Dani Pedrosa,Honda,Casey Stoner,Honda
2012,Spain,Casey Stoner,Honda,Jorge Lorenzo,Yamaha,Dani Pedrosa,Honda
2012,Portugal,Casey Stoner,Honda,Jorge Lorenzo,Yamaha,Dani Pedrosa,Honda
2012,France,Jorge Lorenzo,Yamaha,Valentino Rossi,Ducati,Casey Stoner,Honda
2012,Catalunya,Jorge Lorenzo,Yamaha,Dani Pedrosa,Honda,Andrea Dovizioso,Yamaha
2012,Great Britain,Jorge Lorenzo,Yamaha,Casey Stoner,Honda,Dani Pedrosa,Honda
2012,Netherlands,Casey Stoner,Honda,Dani Pedrosa,Honda,Andrea Dovizioso,Yamaha
2012,Germany,Dani Pedrosa,Honda,Jorge Lorenzo,Yamaha,Andrea Dovizioso,Yamaha
2012,Italy,Jorge Lorenzo,Yamaha,Dani Pedrosa,Honda,Andrea Dovizioso,Yamaha
2012,USA,Casey Stoner,Honda,Jorge Lorenzo,Yamaha,Dani Pedrosa,Honda
2012,Indianapolis,Dani Pedrosa,Honda,Jorge Lorenzo,Yamaha,Andrea Dovizioso,Yamaha
2012,Czech Republic,Dani Pedrosa,Honda,Jorge Lorenzo,Yamaha,Cal Crutchlow,Yamaha
2012,San Marino,Jorge Lorenzo,Yamaha,Valentino Rossi,Ducati,Alvaro Bautista,Honda
2012,Aragon,Dani Pedrosa,Honda,Jorge Lorenzo,Yamaha,Andrea Dovizioso,Yamaha
2012,Japan,Dani Pedrosa,Honda,Jorge Lorenzo,Yamaha,Alvaro Bautista,Honda
2012,Malaysia,Dani Pedrosa,Honda,Jorge Lorenzo,Yamaha,Casey Stoner,Honda
2012,Australia,Casey Stoner,Honda,Jorge Lorenzo,Yamaha,Cal Crutchlow,Yamaha
2012,Valencia,Dani Pedrosa,Honda,Katsuyuki Nakasuga,Yamaha,Casey Stoner,Honda
2013,Qatar,Jorge Lorenzo,Yamaha,Valentino Rossi,Yamaha,Marc Marquez,Honda
2013,Americas,Marc Marquez,Honda,Dani Pedrosa,Honda,Jorge Lorenzo,Yamaha
2013,Spain,Dani Pedrosa,Honda,Marc Marquez,Honda,Jorge Lorenzo,Yamaha
2013,France,Dani Pedrosa,Honda,Cal Crutchlow,Yamaha,Marc Marquez,Honda
2013,Italy,Jorge Lorenzo,Yamaha,Dani Pedrosa,Honda,Cal Crutchlow,Yamaha
2013,Catalunya,Jorge Lorenzo,Yamaha,Dani Pedrosa,Honda,Marc Marquez,Honda
2013,Netherlands,Valentino Rossi,Yamaha,Marc Marquez,Honda,Cal Crutchlow,Yamaha
2013,Germany,Marc Marquez,Honda,Cal Crutchlow,Yamaha,Valentino Rossi,Yamaha
2013,USA,Marc Marquez,Honda,Stefan Bradl,Honda,Valentino Rossi,Yamaha
2013,Indianapolis,Marc Marquez,Honda,Dani Pedrosa,Honda,Jorge Lorenzo,Yamaha
2013,Czech Republic,Marc Marquez,Honda,Dani Pedrosa,Honda,Jorge Lorenzo,Yamaha
2013,Great Britain,Jorge Lorenzo,Yamaha,Marc Marquez,Honda,Dani Pedrosa,Honda
2013,San Marino,Jorge Lorenzo,Yamaha,Marc Marquez,Honda,Dani Pedrosa,Honda
2013,Aragon,Marc Marquez,Honda,Jorge Lorenzo,Yamaha,Valentino Rossi,Yamaha
2013,Malaysia,Dani Pedrosa,Honda,Marc Marquez,Honda,Jorge Lorenzo,Yamaha
2013,Australia,Jorge Lorenzo,Yamaha,Dani Pedrosa,Honda,Valentino Rossi,Yamaha
2013,Japan,Jorge Lorenzo,Yamaha,Marc Marquez,Honda,Dani Pedrosa,Honda
2013,Valencia,Jorge Lorenzo,Yamaha,Dani Pedrosa,Honda,Marc Marquez,Honda
2014,Qatar,Marc Marquez,Honda,Valentino Rossi,Yamaha,Dani Pedrosa,Honda
2014,Americas,Marc Marquez,Honda,Dani Pedrosa,Honda,Andrea Dovizioso,Ducati
2014,Argentina,Marc Marquez,Honda,Dani Pedrosa,Honda,Jorge Lorenzo,Yamaha
2014,Spain,Marc Marquez,Honda,Valentino Rossi,Yamaha,Dani Pedrosa,Honda
2014,France,Marc Marquez,Honda,Valentino Rossi,Yamaha,Alvaro Bautista,Honda
2014,Italy,Marc Marquez,Honda,Jorge Lorenzo,Yamaha,Valentino Rossi,Yamaha
2014,Catalunya,Marc Marquez,Honda,Valentino Rossi,Yamaha,Dani Pedrosa,Honda
2014,Netherlands,Marc Marquez,Honda,Andrea Dovizioso,Ducati,Dani Pedrosa,Honda
2014,Germany,Marc Marquez,Honda,Dani Pedrosa,Honda,Jorge Lorenzo,Yamaha
2014,Indianapolis,Marc Marquez,Honda,Jorge Lorenzo,Yamaha,Valentino Rossi,Yamaha
2014,Czech Republic,Dani Pedrosa,Honda,Jorge Lorenzo,Yamaha,Valentino Rossi,Yamaha
2014,Great Britain,Marc Marquez,Honda,Jorge Lorenzo,Yamaha,Valentino Rossi,Yamaha
2014,San Marino,Valentino Rossi,Yamaha,Jorge Lorenzo,Yamaha,Dani Pedrosa,Honda
2014,Aragon,Jorge Lorenzo,Yamaha,Aleix Espargaro,Forward Yamaha,Cal Crutchlow,Ducati
2014,Japan,Jorge Lorenzo,Yamaha,Marc Marquez,Honda,Valentino Rossi,Yamaha
2014,Australia,Valentino Rossi,Yamaha,Jorge Lorenzo,Yamaha,Bradley Smith,Yamaha
2014,Malaysia,Marc Marquez,Honda,Valentino Rossi,Yamaha,Jorge Lorenzo,Yamaha
2014,Valencia,Marc Marquez,Honda,Valentino Rossi,Yamaha,Dani Pedrosa,Honda
2015,Qatar,Valentino Rossi,Yamaha,Andrea Dovizioso,Ducati,Andrea Iannone,Ducati
2015,Americas,Marc Marquez,Honda,Andrea Dovizioso,Ducati,Valentino Rossi,Yamaha
2015,Argentina,Valentino Rossi,Yamaha,Andrea Dovizioso,Ducati,Cal Crutchlow,Honda
2015,Spain,Jorge Lorenzo,Yamaha,Marc Marquez,Honda,Valentino Rossi,Yamaha
2015,France,Jorge Lorenzo,Yamaha,Valentino Rossi,Yamaha,Andrea Dovizioso,Ducati
2015,Italy,Jorge Lorenzo,Yamaha,Andrea Iannone,Ducati,Valentino Rossi,Yamaha
2015,Catalunya,Jorge Lorenzo,Yamaha,Valentino Rossi,Yamaha,Dani Pedrosa,Honda
2015,Netherlands,Valentino Rossi,Yamaha,Marc Marquez,Honda,Jorge Lorenzo,Yamaha
2015,Germany,Marc Marquez,Honda,Dani Pedrosa,Honda,Valentino Rossi,Yamaha
2015,Indianapolis,Marc Marquez,Honda,Jorge Lorenzo,Yamaha,Valentino Rossi,Yamaha
2015,Czech Republic,Jorge Lorenzo,Yamaha,Marc Marquez,Honda,Valentino Rossi,Yamaha
2015,Great Britain,Valentino Rossi,Yamaha,Danilo Petrucci,Ducati,Andrea Dovizioso,Ducati
2015,San Marino,Marc Marquez,Honda,Bradley Smith,Yamaha,Scott Redding,Honda
2015,Aragon,Jorge Lorenzo,Yamaha,Dani Pedrosa,Honda,Valentino Rossi,Yamaha
2015,Japan,Dani Pedrosa,Honda,Valentino Rossi,Yamaha,Jorge Lorenzo,Yamaha
2015,Australia,Marc Marquez,Honda,Jorge Lorenzo,Yamaha,Andrea Iannone,Ducati
2015,Malaysia,Dani Pedrosa,Honda,Jorge Lorenzo,Yamaha,Valentino Rossi,Yamaha
2015,Valencia,Jorge Lorenzo,Yamaha,Marc Marquez,Honda,Dani Pedrosa,Honda
2016,Qatar,Jorge Lorenzo,Yamaha,Andrea Dovizioso,Ducati,Marc Marquez,Honda
2016,Argentina,Marc Marquez,Honda,Valentino Rossi,Yamaha,Dani Pedrosa,Honda
2016,Americas,Marc Marquez,Honda,Jorge Lorenzo,Yamaha,Andrea Iannone,Ducati
2016,Spain,Valentino Rossi,Yamaha,Jorge Lorenzo,Yamaha,Marc Marquez,Honda
2016,France,Jorge Lorenzo,Yamaha,Valentino Rossi,Yamaha,Maverick Vinales,Suzuki
2016,Italy,Jorge Lorenzo,Yamaha,Marc Marquez,Honda,Andrea Iannone,Ducati
2016,Catalunya,Valentino Rossi,Yamaha,Marc Marquez,Honda,Dani Pedrosa,Honda
2016,Netherlands,Jack Miller,Honda,Marc Marquez,Honda,Scott Redding,Ducati
2016,Germany,Marc Marquez,Honda,Cal Crutchlow,Honda,Andrea Dovizioso,Ducati
2016,Austria,Andrea Iannone,Ducati,Andrea Dovizioso,Ducati,Jorge Lorenzo,Yamaha
2016,Czech Republic,Cal Crutchlow,Honda,Valentino Rossi,Yamaha,Marc Marquez,Honda
2016,Great Britain,Maverick Vinales,Suzuki,Cal Crutchlow,Honda,Valentino Rossi,Yamaha
2016,San Marino,Dani Pedrosa,Honda,Valentino Rossi,Yamaha,Jorge Lorenzo,Yamaha
2016,Aragon,Marc Marquez,Honda,Jorge Lorenzo,Yamaha,Valentino Rossi,Yamaha
2016,Japan,Marc Marquez,Honda,Andrea Dovizioso,Ducati,Maverick Vinales,Suzuki
2016,Australia,Cal Crutchlow,Honda,Valentino Rossi,Yamaha,Maverick Vinales,Suzuki
2016,Malaysia,Andrea Dovizioso,Ducati,Valentino Rossi,Yamaha,Jorge Lorenzo,Yamaha
2016,Valencia,Jorge Lorenzo,Yamaha,Marc Marquez,Honda,Andrea Iannone,Ducati
